Frage;Antwort;Block;Quelle
Was bedeutet TRF?;Tun – Retten – Frei machen (Reihenfolge: Sichern, dann Retten, dann Befreien);LF-I-Basiskompetenzen;Kommentar S. 9
Was ist Eigenschutz?;Maßnahmen, die den Helfer selbst schützen, bevor er den Patienten versorgt (Handschuhe, Absichern);LF-I-Basiskompetenzen;Kommentar S. 8
Was ist BSI?;Body Substance Isolation = Schutz vor Körperflüssigkeiten (Handschuhe, Mundschutz);LF-I-Basiskompetenzen;Kommentar S. 8
Was sind die 5 W's beim Notruf?;Wo, Was, Wie viele, Welche Verletzungen, Warten auf Rückfragen;LF-I-Basiskompetenzen;Kommentar S. 9
Welche Nummer hat der Notruf in Deutschland?;112 (kostenlos, auch vom Mobiltelefon);LF-I-Basiskompetenzen;Kommentar S. 9
Was ist BOS-Funk?;Funk der Behörden und Organisationen mit Sicherheitsaufgaben (z.B. Rettungsdienst, Polizei, Feuerwehr);LF-I-Basiskompetenzen;Kommentar S. 9
Welche Rettungsmittel gibt es?;KTW (Krankentransportwagen), RTW (Rettungstransportwagen), NAW (Notarztwagen), NEF (Notarzteinsatzfahrzeug), RTH (Rettungshubschrauber);LF-I-Basiskompetenzen;Kommentar S. 9
Was bedeutet SAMPLER?;Symptoms, Allergies, Medications, Past medical history, Last oral intake, Events, Risk factors;LF-I-Basiskompetenzen;Kommentar S. 10
Was bedeutet SAMMELN?;Symptome, Allergien, Medizinische Vorgeschichte, Medikamente, Essen, Letzte Ausscheidungen, Neuartige Beschwerden;LF-I-Basiskompetenzen;Kommentar S. 10
Was ist das PAKET?;Patientencheck, Anamnese, Kontrolle (Vitalzeichen), Entscheidung (Notarzt?), Therapie;LF-I-Basiskompetenzen;Kommentar S. 10
Welche Maßnahmen gehören zum PAKET?;Kontrolle der Vitalfunktionen, Notruf, Eigenwärme erhalten, Psychische Erste Hilfe (4-S-Regel);LF-I-Basiskompetenzen;Kommentar S. 10
Was ist die 4-S-Regel?;Sagen, dass man da ist (Sicherheit), Schützen vor Zuschauern, Schirmen ab gegen Kälte, Sorgen für Ruhe;LF-I-Basiskompetenzen;Kommentar S. 10
Was ist das ABCDE-Schema?;Airway (Atemwege), Breathing (Atmung), Circulation (Kreislauf), Disability (Neurologie), Expose (Entkleiden/Wärmeerhalt);LF-I-Basiskompetenzen;Kommentar S. 8
Was gilt allgemein beim ABCDE-Schema?;Was den Patienten am meisten gefährdet, wird zuerst behandelt. Eigene Grenzen erkennen, frühzeitig Hilfe anfordern.;LF-I-Basiskompetenzen;Kommentar S. 8
Wie wird ein Patient entkleidet (schwere Verletzung)?;Kleiderschere seitlich der Verletzung führen, nur mit den ersten zwei Dritteln schneiden, Verletzung bedeckende Kleidung anheben;LF-I-Basiskompetenzen;Kommentar S. 26
Wie wird ein Patient entkleidet (leichte Verletzung)?;Verletzten um Unterstützung bitten, ggf. Bruch unter leichtem Zug halten, immer zuerst gesunde, dann verletzte Seite;LF-I-Basiskompetenzen;Kommentar S. 26
Wann wird ein Bodycheck durchgeführt?;Sobald eine Verletzung nicht eindeutig ausgeschlossen werden kann, sowie bei jedem Bewusstlosen nach stabiler Seitenlage;LF-I-Basiskompetenzen;Kommentar S. 26
Was wird beim Bodycheck abgetastet?;Kopf/Hals, Brustkorb, Bauch/Becken, beide Arme, beide Beine. Auf Hautfarbe, Schmerz, Blutungen, Deformierungen, Beweglichkeit achten.;LF-I-Basiskompetenzen;Kommentar S. 26
Wann werden hygienische Händedesinfektionen durchgeführt?;Vor Arbeitsbeginn, vor Patientenkontakt, vor Wundversorgung, danach, bei Dienstschluss, nach Toilette, nach Naseputzen;LF-I-Basiskompetenzen;Kommentar S. 8
Welche Reihenfolge gilt bei der Händehygiene?;Händedesinfektion vor/nach Patientenkontakt: Hände waschen, trocknen, desinfizieren, Einwirkzeit beachten;LF-I-Basiskompetenzen;Kommentar S. 8
Welche Übergabe-Informationen gehören in den Notruf/Einsatz?;Notfallgeschehen, Feststellungen/Beobachtungen, Vorerkrankungen, Vitalwerte und Verlauf, getroffene Maßnahmen;LF-I-Basiskompetenzen;Kommentar S. 11
Wie wird Wärmeerhalt bei der Eigenwärme durchgeführt?;Rettungsdecke auslegen, Wolldecke diagonal fächerförmig falten, Patienten drehen, Decke unterschieben, über Patienten legen;LF-I-Basiskompetenzen;Kommentar S. 10
Was sind die 3 Hautschichten?;Oberhaut, Lederhaut (mit Talg-/Schweißdrüsen, kleinen Blutgefäßen), Unterhaut (größere Blutgefäße, Nerven, Fettgewebe);LF-IV-Verletzt;Kommentar S. 25
Welche Aufgaben hat die Haut?;Schutz vor Austrocknung/Verletzungen/Krankheitserregern/Strahlung, Sinnesorgan, Wärmeisolierung, Wärmeregulation;LF-IV-Verletzt;Kommentar S. 25
Welche Arten mechanischer Wunden gibt es?;Schürfwunde, Platzwunde, Schnittwunde, Quetschwunde, Risswunde, Bisswunde, Stich-/Schusswunde, Ablederung, Pfählung, Amputation;LF-IV-Verletzt;Kommentar S. 25
Was kennzeichnet eine Schürfwunde?;Betrifft vorwiegend die Oberhaut (keine Blutgefäße), Blutung gering, später starkes Nässen;LF-IV-Verletzt;Kommentar S. 25
Was kennzeichnet eine Platzwunde?;Stumpfe Gewalteinwirkung, vor allem an Stellen über Knochen (Augenbraue, Kinn, Stirn);LF-IV-Verletzt;Kommentar S. 25
Was kennzeichnet eine Schnittwunde?;Kann alle Gewebsschichten bis zum Knochen betreffen, starke Blutung, klaffende Wunde mit glatten Rändern;LF-IV-Verletzt;Kommentar S. 25
Was kennzeichnet eine Stich-/Schusswunde?;Blutung nach außen oft gering, in der Tiefe teils erheblich (Gefäß-/Organverletzung), evtl. Ein- und Austrittswunde;LF-IV-Verletzt;Kommentar S. 26
Was kennzeichnet eine Bisswunde?;Verletzungsmuster von Quetsch-/Stich-/Risswunden, besondere Infektionsgefahr;LF-IV-Verletzt;Kommentar S. 26
Welche Gefahren bestehen bei einer Wunde?;Blutung, Schmerz, Infektion (können zusätzlich zum Schock führen);LF-IV-Verletzt;Kommentar S. 25
Welche lokalen Entzündungszeichen gibt es?;Schwellung, Rötung, Erwärmung, Schmerz, eitriger Ausfluss;LF-IV-Verletzt;Kommentar S. 27
Welche Regeln gelten für die Wundversorgung?;Eigenschutz (Handschuhe), Lagerung, Blutstillung, Wunde keimfrei verbinden, in ursprünglichem Zustand belassen, max. 6 Std. Arztvorstellung;LF-IV-Verletzt;Kommentar S. 27
Welche Mittel dürfen nicht in eine Wunde?;Keine Puder, Salben, Sprays, Hausmittel anwenden;LF-IV-Verletzt;Kommentar S. 27
Welche Materialien werden für einen keimfreien Verband benötigt?;Sterile Wundauflage (Kompressen, Verbandtücher) und Befestigungsmittel (Heftpflaster, Fixierbinde, Dreiecktuch, Netzverband);LF-IV-Verletzt;Kommentar S. 27
Wie werden Fremdkörper in Wunden versorgt?;Festsitzende Fremdkörper verbleiben in der Wunde, kleine lockere (Zecken, Dornen) werden entfernt, keimarmes Bedecken;LF-IV-Verletzt;Kommentar S. 28
Was ist bei Fremdkörperentfernung zu beachten?;Risiko stärkerer Blutung, Schmerzen, unklarer Stichkanal, weitere Verletzungen, Reste in der Wunde;LF-IV-Verletzt;Kommentar S. 28
Wie wird ein Fremdkörper im Auge (Oberlid) entfernt?;Oberlid über das Unterlid ziehen und Wimpern des Unterlids auswischen lassen;LF-IV-Verletzt;Kommentar S. 28
Wie wird ein Fremdkörper im Ohr versorgt?;Nur vom Arzt entfernen lassen;LF-IV-Verletzt;Kommentar S. 28
Was ist die wichtigste Sofortmaßnahme bei bedrohlicher Blutung?;Blutstillung durch Druck auf die Wunde – das rettet Leben!;LF-IV-Verletzt;Kommentar S. 28
Wie wird eine bedrohliche Blutung an Arm/Bein/Kopf versorgt?;Patient hinlegen, Körperteil hochhalten, keimarmes Material aufpressen, Druckverband mit Dreiecktuch/Verbandpäckchen;LF-IV-Verletzt;Kommentar S. 28
Wie wird eine bedrohliche Blutung an Hals/Rumpf versorgt?;Aufpressen von keimarmem Material, Wunde zuhalten;LF-IV-Verletzt;Kommentar S. 28
Wann ist Abbinden (Tourniquet) als letztes Mittel angezeigt?;Großflächige stark blutende Wunde, stark blutende Wunde mit Fremdkörper, offener Knochenbruch mit starker Blutung, Gliedmaßenabriss;LF-IV-Verletzt;Kommentar S. 28
Wo wird ein Tourniquet angelegt?;Eine Handbreit von Achsel/Leiste am Oberarm/Oberschenkel, nie im Bereich eines Gelenks;LF-IV-Verletzt;Kommentar S. 29
Welche Gefahren hat eine Abbindung?;Ansäuerung des Blutes, Thrombenbildung, erschwerte Replantation, Absterben von Gewebe über den Wundbereich hinaus;LF-IV-Verletzt;Kommentar S. 28
Wie wird Nasenbluten versorgt?;Sitzende Lagerung, Kopf vorbeugen, Nasenflügel zusammendrücken;LF-IV-Verletzt;Kommentar S. 29
Wie werden Verbrennungen/Verbrühungen gekühlt?;Kleinflächige Verbrennungen mit Wasser zur Schmerzlinderung, bei Kindern keine langfristige Kühlung, keine Kühlung am Rumpf (Unterkühlungsgefahr);LF-IV-Verletzt;Kommentar S. 30
Welche 3 Verbrennungsgrade gibt es?;1. Grad: Rötung, 2. Grad: zusätzlich Blasenbildung, 3. Grad: Gewebszerstörung (ggf. Verkohlung);LF-IV-Verletzt;Kommentar S. 29
Welche Bereiche umfasst die 9er-Regel (Erwachsener)?;Kopf 9 %, Arme je 9 %, Rumpf vorne/hinten je 18 %, Beine je 18 %, Genitalbereich 1 %;LF-IV-Verletzt;Kommentar S. 25 + Anhang S. 47
Wie wird ein ausgeschlagener Zahn versorgt?;In Zahnrettungsbox geben oder in feuchte Kompresse wickeln, zum Zahnarzt mitgeben;LF-IV-Verletzt;Kommentar S. 29
Welche Ursachen für innere Blutungen gibt es?;Stich-/Schussverletzung, Organverletzung, Frakturen, Gefäßeinriss, Magen-Darm-Blutung, Brustkorbverletzung, Gerinnungsstörungen;LF-IV-Verletzt;Kommentar S. 29
Welche Erkennungszeichen gibt es bei inneren Blutungen?;Rückschlüsse aus Anamnese, Schocksymptomatik, brettharte Bauchdecke, Bluterbrechen, Blutung aus After/Genital, Umfangvergrößerung;LF-IV-Verletzt;Kommentar S. 29
Wie werden Erfrierungen versorgt?;Unterkühlungsbekämpfung hat Vorrang, keimarmen druckfreien Verband, Berührung vermeiden, bei tiefsten Erfrierungen Watteverband;LF-IV-Verletzt;Kommentar S. 30
Welche Erfrierungsgrade gibt es?;1. Grad: weiße kalte Haut, 2. Grad: zusätzlich Blasenbildung, 3. Grad: abgestorbenes grau-schwarzes Gewebe, irreversible Zerstörung;LF-IV-Verletzt;Kommentar S. 30
Wie werden Verätzungen der Haut versorgt?;Ausgiebig mit Wasser spülen, möglichst wenig unverätzte Stellen benetzen, danach Wundversorgung, PAKET;LF-IV-Verletzt;Kommentar S. 30
Wie werden Augenverätzungen versorgt?;Mindestens 10–15 Min. lauwarmes Wasser in inneren Augenwinkel gießen, dabei Auge nach unten halten, Lider offen halten;LF-IV-Verletzt;Kommentar S. 30
Wie werden Verätzungen der Speisewege versorgt?;Mund ausspülen lassen, nichts trinken lassen, kein Erbrechen auslösen;LF-IV-Verletzt;Kommentar S. 30
Welche sicheren Zeichen für einen Knochenbruch gibt es?;Abnorme Lage, abnorme Beweglichkeit, sichtbare Knochenteile, Knochenreiben (nur als Zufallsbefund);LF-IV-Verletzt;Kommentar S. 32
Welche unsicheren Zeichen für einen Knochenbruch gibt es?;Schmerz, Schwellung, Bluterguss oder Wunde, Bewegungs-/Belastungseinschränkung;LF-IV-Verletzt;Kommentar S. 32
Was ist eine Grünholzfraktur?;Bruch bei Kindern/Jugendlichen, bei der die Knochenhaut intakt bleibt, Bruchenden verschieben sich meist nicht;LF-IV-Verletzt;Kommentar S. 32
Was ist eine Ellenbogen(sub)luxation?;Verrenkung des Speichenköpfchens mit Einklemmung des umspannenden Bandes durch abrupten Zug, Kind hält Ellenbogen, vermeidet Drehbewegungen;LF-IV-Verletzt;Kommentar S. 32
Welche Ziele hat eine Ruhigstellung?;Schmerzlinderung und Vermeidung zusätzlicher Verletzungen;LF-IV-Verletzt;Kommentar S. 32
Welche Möglichkeiten der Ruhigstellung gibt es?;Armtragetuch (Dreiecktuch), Ruhigstellung mit Decken, Sam Splint, weiteres vor Ort befindliches Material;LF-IV-Verletzt;Kommentar S. 32
Wie werden Brustkorbverletzungen erkannt?;Unfallhergang (Aufprall, Sturz, Tritte), Schmerzen beim Atmen, ungleichmäßige Ausdehnung bei Rippenserienfraktur, Abhusten von schaumigem Blut;LF-IV-Verletzt;Kommentar S. 32
Wie werden Brustkorbverletzungen versorgt?;Wie bei allen Problemen in der Brust, ansprechbarer Patient: atemunterstützende Lagerung ggf. auf verletzte Seite, bewusstlos: stabile Seitenlage auf verletzte Seite;LF-IV-Verletzt;Kommentar S. 32
Welche Ursachen für Wirbelsäulenverletzungen gibt es?;Sturz aus Höhe, Kopfsprung in seichtes Wasser, direkte Gewalteinwirkung, Schleuderbewegungen (Schleudertrauma);LF-IV-Verletzt;Kommentar S. 32
Welche besonderen Aspekte gelten bei Wirbelsäulenverletzungen?;Bei Stürzen aus über 3 m Höhe immer Notarzt hinzuziehen, unnötige Bewegungen vermeiden, in vorgefundener Lage stabilisieren;LF-IV-Verletzt;Kommentar S. 33
Wie werden bewusstlose Patienten mit Wirbelsäulenverletzung gelagert?;Stabile Seitenlage unter Erhalt der Kopf-Wirbelsäule in Neutralposition, Mund als tiefster Punkt des Kopfes, nicht unterpolstern;LF-IV-Verletzt;Kommentar S. 33
Welche Ursachen für ein SHT gibt es?;Stürze, Schlag auf den Kopf, Verkehrsunfall;LF-IV-Verletzt;Kommentar S. 33
Was sind primäre Hirnschädigungen?;Sofort wahrnehmbare Schäden nach Gewalteinwirkung (Gehirnerschütterung, -prellung, -quetschung);LF-IV-Verletzt;Kommentar S. 33
Was sind sekundäre Hirnschädigungen?;Schäden, die sich erst langsam entwickeln (Hirnödem, Blutung im Hirnschädel, Infektionen);LF-IV-Verletzt;Kommentar S. 33
Wie wird ein SHT-Patient mit RR > 130 mmHg gelagert?;Oberkörper ca. 30° hoch, Kopf-Wirbelsäule in Neutralposition, keine Unterpolsterung des Kopfes;LF-IV-Verletzt;Kommentar S. 33
Wie wird ein SHT-Patient mit RR < 130 mmHg gelagert?;Flachlagerung, Kopf-Wirbelsäule in Neutralposition, keine Unterpolsterung des Kopfes;LF-IV-Verletzt;Kommentar S. 33
Wie erfolgt die Helmabnahme (2 Helfer)?;Helfer 1 fixiert Kopf/HWS in Neutralposition, Helfer 2 zieht Helm vorsichtig ab, HWS-Immobilisation beibehalten;LF-IV-Verletzt;Kommentar S. 36
Welche obere Atemwege gibt es?;Nasenraum, Mundraum, Rachenraum;LF-II-Atmung;Kommentar S. 12
Welche unteren Atemwege gibt es?;Kehlkopf mit Kehldeckel, Luftröhre, Bronchien, Lungengewebe mit Lungenbläschen;LF-II-Atmung;Kommentar S. 12
Welche Funktion hat der Kehldeckel?;Schutz vor Anatmung von Fremdkörpern und Mageninhalt (Aspiration), Stimmbildung;LF-II-Atmung;Kommentar S. 13
Was sind die Lungenbläschen?;Ort des äußeren Gasaustausches: Sauerstoff wandert durch die Wand ins Blut, Kohlendioxid in umgekehrter Richtung;LF-II-Atmung;Kommentar S. 13
Welche Atemmuskulatur ist beteiligt?;Zwerchfell (Ein-/Ausatmung), Atemhilfsmuskulatur (Schultergürtel/Halsmuskulatur zur Einatmung, Bauchdeckenmuskulatur zur Ausatmung);LF-II-Atmung;Kommentar S. 13
Welche physiologischen Atemwerte (Erwachsener) sind normal?;Atemfrequenz 12/min;LF-II-Atmung;Anhang S. 47
Welche Werte hat ein Schulkind?;Atemfrequenz 20/min, Puls 85–100/min, Blutdruck 95/60 bis 120/75 mmHg;LF-II-Atmung;Anhang S. 47
Welche Werte hat ein Kleinkind?;Atemfrequenz 25/min, Puls 95–120/min, Blutdruck 90/60 bis 105/70 mmHg;LF-II-Atmung;Anhang S. 47
Was ist die Nagelbettprobe?;Nach Nachlassen des Drucks auf das Nagelbett kehrt die rosige Farbe bei normaler Durchblutung innerhalb von 2 Sekunden zurück;LF-III-Herz-Kreislauf;Kommentar S. 19
Welche Hautzeichen weisen auf Schock oder Zentralisation hin?;Weiße, kalte Haut (Zentralisation, niedriger Blutdruck, Unterkühlung), Zyanose an Lippen/Nagelbett (Sauerstoffmangel);LF-III-Herz-Kreislauf;Kommentar S. 19
Wo kann der Puls ertastet werden?;Daumenseite des Handgelenks (Speichenschlagader), seitlich des Kehlkopfes (Halsschlagader), Leistenbeuge (Beckenschlagader), Innenseite Oberarm;LF-III-Herz-Kreislauf;Kommentar S. 19
Welche Fehler sind bei der Pulsmessung zu vermeiden?;Nicht mit eigenem Daumen tasten (Eigenpuls), nicht an beiden Halsschlagadern gleichzeitig tasten;LF-III-Herz-Kreislauf;Kommentar S. 19
Wie wird die Pulsfrequenz berechnet (bei 15 Sek Zählen)?;Anzahl der Schläge × 4 = Schläge pro Minute;LF-III-Herz-Kreislauf;Kommentar S. 19
Wie wird der Blutdruck gemessen (auskultatorisch)?;Manschette aufpumpen bis kein Puls mehr fühlbar, Stethoskop in Ellenbeuge, Luft ablassen, erster Ton = systolisch, letzter Ton = diastolisch;LF-III-Herz-Kreislauf;Kommentar S. 20
Wie wird der Blutdruck palpatorisch gemessen?;Ohne Stethoskop: Puls an Speichenschlagader fühlen, Manschette ablassen, erster fühlbarer Pulsschlag = systolisch (diastolisch nicht ermittelbar);LF-III-Herz-Kreislauf;Kommentar S. 20
Welcher Blutdruckwert ist für die Notfallversorgung entscheidend?;Der systolische Wert (Druck während der Austreibungsphase);LF-III-Herz-Kreislauf;Kommentar S. 19
Wie viel Blut hat ein Erwachsener?;Ca. 80 ml pro Kilogramm Körpergewicht (ca. 5–6 Liter);LF-III-Herz-Kreislauf;Kommentar S. 18
Welche Aufgaben haben die Blutzellen?;Rote Blutkörperchen: Sauerstofftransport, weiße: Immunabwehr, Blutplättchen: Blutgerinnung;LF-III-Herz-Kreislauf;Kommentar S. 18
Welche Aufgaben hat das Blut?;Transport von Sauerstoff, Nährstoffen, Hormonen, Mineralien zu den Zellen, Abtransport von Schlackenstoffen;LF-III-Herz-Kreislauf;Kommentar S. 18
Wie ist das Herz aufgebaut?;Herzscheidewand teilt in linke/rechte Herzhälfte, jede Hälfte in Vorhof und Kammer, Herzklappen für gerichteten Blutfluss, Herzkranzgefäße versorgen Herzmuskel;LF-III-Herz-Kreislauf;Kommentar S. 18
Welche Blutgefäßtypen gibt es?;Arterien (vom Herzen weg), Venen (zum Herzen hin), Kapillaren (Stoffaustausch zwischen Arterien und Venen);LF-III-Herz-Kreislauf;Kommentar S. 19
Was ist Systole?;Anspannungs- und Austreibungsphase: Kammermuskulatur spannt sich an, Blut wird aus den Kammern getrieben;LF-III-Herz-Kreislauf;Kommentar S. 18
Was ist Diastole?;Entspannungs- und Füllungsphase: Kammermuskel erschlafft, Blut strömt in die Kammer;LF-III-Herz-Kreislauf;Kommentar S. 18
Wie ist das normale Verhältnis bei HLW (Erwachsene)?;30 Brustkorb-Kompressionen zu 2 Beatmungen (30:2);LF-III-Herz-Kreislauf;Kommentar S. 22 + S. 49
Wie tief sind die Kompressionen bei HLW (Erwachsene)?;5–6 cm;LF-III-Herz-Kreislauf;Anhang (Standard)
Wie schnell sind die Kompressionen bei HLW?;100–120 pro Minute;LF-III-Herz-Kreislauf;Kommentar S. 49
Was bedeutet Full Recoil bei HLW?;Brustkorb zwischen Kompressionen vollständig entlasten, nicht drauf bleiben;LF-III-Herz-Kreislauf;Standard
Was ist Compression Fraction?;Anteil der Zeit mit aktiven Kompressionen an der gesamten Reanimationsdauer. Ziel: > 80 %;LF-III-Herz-Kreislauf;Standard
Wann wird mit HLW begonnen?;Bei fehlender normaler Atmung UND fehlendem Puls (Kreislaufstillstand);LF-III-Herz-Kreislauf;Kommentar S. 49
Wie wird ein AED angewendet?;Gerät einschalten, Pads aufkleben (rechts oben, links unten), Sprachanweisungen folgen, Schock wenn empfohlen;LF-III-Herz-Kreislauf;Kommentar S. 22
Was ist Kammerflimmern?;Unkoordinierte elektrische Erregung des Herzmuskels, die zum Flimmern des Herzmuskels führt, defibrillierbar;LF-III-Herz-Kreislauf;Kommentar S. 23
Was ist Asystolie?;Keinerlei elektrische Erregung des Herzmuskels mehr, nicht defibrillierbar;LF-III-Herz-Kreislauf;Kommentar S. 23
Wann werden Kinderelektroden am AED verwendet?;Wenn vorhanden, ansonsten Standard-Elektroden, besondere Herstellerhinweise beachten;LF-III-Herz-Kreislauf;Kommentar S. 23
Was ist bei der Defibrillation zu beachten?;Eigen- und Fremdschutz: Während der Defibrillation darf der Patient nicht berührt werden;LF-III-Herz-Kreislauf;Kommentar S. 23
Was ist HPCPR / Pit Crew CPR?;High-Performance CPR mit festen Rollen pro Helfer, minimalen Pausen, alle 2 Min Kompressor-Wechsel;LF-III-Herz-Kreislauf;Standard
Was ist ein Larynx-Tubus?;Hilfsmittel zur Beatmung, das bei Reanimationen eingesetzt wird, wird in die Speiseröhre eingeführt;LF-III-Herz-Kreislauf;Kommentar S. 22
Wie viele Versuche sind bei der Larynx-Tubus-Einführung erlaubt?;Maximal 2 Versuche, danach Beutel-Masken-Beatmung oder Mund-zu-Mund-Beatmung;LF-III-Herz-Kreislauf;Kommentar S. 23
Wie wird der Larynx-Tubus eingeführt?;Mund mit Kreuzgriff öffnen, Tubus am harten Gaumen entlang vorschieben bis federnder Widerstand, Markierungslinie in Höhe der Schneidezähne;LF-III-Herz-Kreislauf;Kommentar S. 22
Welche Maßnahmen gibt es bei Herz-Kreislauf-Störungen?;Wie bei allen Problemen in der Brust, Atemerleichterung, passende Lagerung, psychische Betreuung, ggf. Sauerstoff, Ursache ausschalten;LF-III-Herz-Kreislauf;Kommentar S. 20
Was ist ein Schock?;Missverhältnis zwischen benötigter und tatsächlich zur Verfügung stehender Flüssigkeitsmenge;LF-III-Herz-Kreislauf;Kommentar S. 20
Welche Schockformen gibt es?;Absoluter Volumenmangel (Blut-/Plasma-/Salz-/Wasserverlust), relativer Volumenmangel (Allergie, Schmerz, Angst), verminderte Herzleistung (Herzinfarkt);LF-III-Herz-Kreislauf;Kommentar S. 20
Was passiert in der Schockspirale?;Blut-/Flüssigkeitsverlust → erhöhte Herzfrequenz → periphere Gefäßverengung (Zentralisation) → Sauerstoffmangel im Gewebe → Blutdruckabfall → Multiorganversagen;LF-III-Herz-Kreislauf;Kommentar S. 20
Welche Erkennungszeichen hat ein Schock?;Sichtbare Ursache (Blutung/Verletzung), blasse/kühle/feuchte Haut, Zittern, Unruhe, Bewusstseinsstörung, erhöhte Atemfrequenz, erhöhter Puls;LF-III-Herz-Kreislauf;Kommentar S. 21
Welche Maßnahmen gibt es beim Schock?;Ursache beseitigen (Blutstillung), PAKET, Lagerung je nach Ursache, Schockbekämpfung;LF-III-Herz-Kreislauf;Kommentar S. 21
Was ist das akute Koronarsyndrom?;Sammelbegriff für schwere Erkrankungen mit Schmerzen in der Brust, die lebensbedrohlich sein können (z.B. Herzinfarkt, Angina Pectoris);LF-III-Herz-Kreislauf;Kommentar S. 21
Welche Risikofaktoren für koronare Herzerkrankungen gibt es?;Diabetes, Rauchen (bes. mit Pille), erhöhte Blutfette, Bluthochdruck, Übergewicht, Bewegungsmangel, familiäre Vorbelastung;LF-III-Herz-Kreislauf;Kommentar S. 21
Wie erkennt man einen Herzinfarkt?;Plötzlicher Schmerz hinter dem Brustbein, Ausstrahlung in Schulter/Arm/Rücken/Kiefer/Bauch, Engegefühl, Angst, Atemnot, Übelkeit;LF-III-Herz-Kreislauf;Kommentar S. 21
Welche Gefahren hat ein Herzinfarkt?;Herz-Kreislauf-Stillstand, Herzrhythmusstörungen, herzbedingter Schock;LF-III-Herz-Kreislauf;Kommentar S. 21
Wie wird ein Herzinfarkt versorgt?;Immer als Notfall mit frühzeitigem Notruf, Wie bei allen Problemen in der Brust, Ruhe, ansprechbarer Patient: erhöhter Oberkörper;LF-III-Herz-Kreislauf;Kommentar S. 21
Was ist ein ACS und wie wird er versorgt?;Akutes Koronarsyndrom: Oberkörper hochlagern, Ruhe, Notruf 112 (Notarzt!), Sauerstoff, keine Anstrengung, PAKET;LF-III-Herz-Kreislauf;Kommentar S. 21
Welche Atemfrequenz ist normal bei Erwachsenen?;12 pro Minute;LF-II-Atmung;Anhang S. 47
Welche Pulsfrequenz ist normal bei Erwachsenen?;60–80 pro Minute;LF-III-Herz-Kreislauf;Anhang S. 47
Welcher Blutdruck ist normal bei Erwachsenen?;120/70 bis 140/90 mmHg;LF-III-Herz-Kreislauf;Anhang S. 47
Welcher Blutzucker ist normal bei Erwachsenen?;70–100 mg/dl (± 20);LF-V-Bewusstsein;Anhang S. 47
Wann spricht man von Tachykardie?;Puls > 100 pro Minute;LF-III-Herz-Kreislauf;Anhang S. 47
Wann spricht man von Bradykardie?;Puls < 60 pro Minute;LF-III-Herz-Kreislauf;Anhang S. 47
Wann spricht man von Hypertonie?;Systolisch > 140 oder diastolisch > 90 mmHg;LF-III-Herz-Kreislauf;Anhang S. 47
Wann spricht man von Hypotonie?;Systolisch < 100 oder diastolisch < 60 mmHg;LF-III-Herz-Kreislauf;Anhang S. 47
Welche Sauerstoff-Flow ist bei Notfallpatienten Standard?;10–15 l/min über Maske mit Reservoir;LF-II-Atmung;Kommentar S. 14
Welche Sicherheitshinweise gelten für Sauerstoffflaschen?;Niemals Flaschenventile/Gewinde mit Öl/Fett/Pflaster (Explosionsgefahr), nur in vorgesehenen Befestigungen lagern, Restdruck ca. 30 bar;LF-II-Atmung;Kommentar S. 14
Wie wird der O2-Flascheninhalt berechnet?;Aktueller Druck (bar) × Flaschenvolumen (Liter) = Liter O2;LF-II-Atmung;Kommentar S. 14
Welche Reihenfolge gilt bei der Sauerstoffanwendung?;Flaschenventil öffnen, O2-Maske/-Brille anlegen, Flowmeter einstellen, nach Beendigung Ventil schließen, dann Flowmeter zudrehen;LF-II-Atmung;Kommentar S. 14
Welche Maßnahmen gelten bei allen Problemen in der Brust?;Lagerung: Sitzend mit Aktivierung der Atemhilfsmuskulatur, beengende Kleidung öffnen, Frischluft, Atemanweisungen, PAKET, Sauerstoffgabe;LF-II-Atmung;Kommentar S. 13
Wann wird ein Absaugkatheter verwendet?;Zum Freimachen der Atemwege bei Reanimation, maximale Einführtiefe = Abstand Mundwinkel bis Ohrläppchen;LF-III-Herz-Kreislauf;Kommentar S. 22
Wann wird ein Absauggerät betriebsbereit in der Nähe positioniert?;Bei Reanimation (zur Aspirations-Vermeidung);LF-III-Herz-Kreislauf;Kommentar S. 22
Wie erkennt man Atemstörungen?;Erhöhter Oberkörper/abgestützte Arme, Atemnot, unnatürliche Atemgeräusche, Blaufärbung (Zyanose), Angst/Unruhe;LF-II-Atmung;Kommentar S. 13
Welche Hinweise aus der Anamnese deuten auf Atemstörungen?;Bekannte Erkrankungen (z.B. Asthma), psychische Erregungszustände, Bewusstseinsstörungen, Atemqualität, Verletzungen am Brustkorb, Insektenstiche;LF-II-Atmung;Kommentar S. 13
Wann wird ein Asthma-Anfall vermutet?;Pfeifende Atmung, Atemnot, Husten, Engegefühl, Angst;LF-II-Atmung;Kommentar S. 12 (Verweis)
Wie wird ein Asthma-Anfall versorgt?;Sitzende Lagerung mit Atemhilfsmuskulatur, beengende Kleidung öffnen, Frischluft, Atemanweisungen, PAKET, ggf. Sauerstoff;LF-II-Atmung;Kommentar S. 13
Was ist eine Hyperventilation?;Übermäßige, beschleunigte Atmung, oft psychisch bedingt (Angst, Aufregung);LF-II-Atmung;Kommentar S. 16 (Verweis)
Welche Ursachen kann ein Insektenstich im Rachenraum haben?;Schwellung der Atemwege mit Erstickungsgefahr;LF-II-Atmung;Kommentar S. 15 (Verweis)
Was ist ein Krupp-Syndrom?;Akute Einengung der oberen Atemwege, häufig bei Kleinkindern (bellender Husten, Stridor);LF-II-Atmung;Kommentar S. 16 (Verweis)
Wie wird eine Aspiration bei Erwachsenen versorgt?;Bei leichter Verlegung: zum Husten auffordern, bei schwerer Verlegung: 5 Schläge zwischen Schulterblättern + 5 Oberbauchkompressionen im Wechsel;LF-II-Atmung;Kommentar S. 51
Wie wird eine Aspiration bei Kindern versorgt?;Bei schwerer Verlegung: 5 Schläge zwischen Schulterblättern + 5 Brustkorbkompressionen im Wechsel (KEINE Oberbauchkompressionen);LF-II-Atmung;Kommentar S. 52
Wann wird HLW mit Atem-Hilfe angewendet?;Bei Atemstillstand, Atemfrequenz < 6 oder Schnappatmung;LF-III-Herz-Kreislauf;Kommentar S. 47
Wann wird ein Larynx-Tubus Größe gewählt (Neugeborenes bis Erwachsener)?;Größe 0: Neugeborene < 5 kg, Größe 1: Babys 5–12 kg, Größe 2: Kinder 12–25 kg, Größe 3: 25 kg und < 155 cm, Größe 4: Erwachsene 155–180 cm, Größe 5: Erwachsene > 180 cm;LF-III-Herz-Kreislauf;Anhang S. 47
Welcher Blutverlust ist bei Frakturen zu erwarten?;Unterarmbruch 400 ml, Oberarmbruch 800 ml, Unterschenkelbruch 1.000 ml, Oberschenkelbruch 2.000 ml, Beckenbruch 5.000 ml;LF-IV-Verletzt;Anhang S. 47
Welche Merkhilfe gibt es für das Bewusstsein?;ZORRO: Zeitlich orientiert, reagiert, räumlich orientiert;LF-V-Bewusstsein;Kommentar S. 36
Was ist AVPU?;Alert (wach), Voice (Reaktion auf Stimme), Pain (auf Schmerzreiz), Unresponsive (keine Reaktion), vereinfachte Bewusstseinsprüfung;LF-V-Bewusstsein;Standard
Wofür steht GCS?;Glasgow Coma Scale – misst Bewusstsein (3–15 Punkte) aus Augen-, Verbaler und Motorischer Antwort;LF-V-Bewusstsein;Standard
Was sind die Gefahren einer Bewusstseinsstörung?;Fehlen der Schutzreflexe, Atemwegsverlegung durch Zunge/Fremdkörper, Aspiration, schnelle Auskühlung, übersehene Verletzungen, Vitalfunktionsausfall;LF-V-Bewusstsein;Kommentar S. 36
Welche Bewusstseinslagen gibt es?;Bewusstseinsklarheit (wach, orientiert), Bewusstseinstrübung (erweckbar), Bewusstlosigkeit (nicht erweckbar);LF-V-Bewusstsein;Kommentar S. 36
Welche Maßnahmen gelten bei allen Bewusstlosen?;Atemkontrolle, bei normaler Atmung: stabile Seitenlage, PAKET;LF-V-Bewusstsein;Kommentar S. 36
Welche besonderen Maßnahmen gelten bei bewusstlosen Motorradfahrern?;Helmabnahme zum Freihalten der Atemwege, ggf. achsengerechtes Drehen in Rückenlage, Helmabnahme wenn möglich mit 2 Helfern;LF-V-Bewusstsein;Kommentar S. 36
Welche Maßnahmen gelten bei Bewusstlosigkeit mit Verdacht auf HWS-/Kopfverletzung?;Seitenlage, Kopf-Wirbelsäule in Neutralposition stabilisieren, keine Unterpolsterung des Kopfes;LF-V-Bewusstsein;Kommentar S. 36
Welche Risikofaktoren für einen Schlaganfall gibt es?;Diabetes, hohe Blutfette, Rauchen (bes. mit Pille), Alkoholmissbrauch, hoher Blutdruck, Gerinnungsstörung, Arteriosklerose;LF-V-Bewusstsein;Kommentar S. 36
Was sind Ursachen für einen Schlaganfall?;Unblutig: Verschluss einer Hirnarterie (Infarkt), blutig: akute Blutung im Gehirn;LF-V-Bewusstsein;Kommentar S. 37
Welche Symptome können bei einem Schlaganfall auftreten?;Gefühlsstörungen, Lähmungen, einseitige Lähmung der Gesichtsmuskulatur, Krampfanfall, Sprachstörungen, Bewusstseinsstörung, Schwindel, Schluckstörung, Kopfschmerzen;LF-V-Bewusstsein;Kommentar S. 37
Wie wird ein Schlaganfall versorgt?;Rasch Arzt aufsuchen lassen, auch wenn Symptome nur vorübergehend waren, ansprechbar: wie bei Problemen im Kopf, bewusstlos: wie alle Bewusstlosen, erhöhter Oberkörper, PAKET;LF-V-Bewusstsein;Kommentar S. 37
Was ist der FAST-Test?;Face (Gesichtslähmung), Arms (Arm-Schwäche), Speech (Sprachstörung), Time (Zeit = sofort Notruf);LF-V-Bewusstsein;Kommentar S. 37
Welche Ursachen können Krampfanfälle haben?;Epilepsie, Unterzuckerung, SHT, Substanzmissbrauch, Infektionen, Fieber (Kinder);LF-V-Bewusstsein;Kommentar S. 37
Welche Reize können Krampfanfälle auslösen?;Flackerndes Licht (Computerspiele, Stroboskop, Blaulicht), Hell-Dunkel-Wechsel, Sinnesreize;LF-V-Bewusstsein;Kommentar S. 37
Wie erkennt man einen Krampfanfall?;Unruhe, Angstzustände, Schweißausbrüche, Halluzinationen, dann Zusammensacken, ggf. Initialschrei, tonische/klonische Krämpfe, Schaum vor dem Mund, Bewusstlosigkeit;LF-V-Bewusstsein;Kommentar S. 37
Welche Maßnahmen gelten während des Krampfanfalls?;Betroffenen vor weiteren Verletzungen schützen, Gegenstände entfernen/abpolstern, NICHT festhalten, ggf. Sauerstoff;LF-V-Bewusstsein;Kommentar S. 37
Welche Maßnahmen gelten nach einem Krampfanfall?;Stabile Seitenlage, Bodycheck, Blutdruckmessung, Maßnahmen je nach Verletzungen, scheinbar bewusstseinsklare Patienten nicht alleine lassen, PAKET;LF-V-Bewusstsein;Kommentar S. 38
Welche Ursachen hat eine Unterzuckerung?;Geringe Zuckeraufnahme, erhöhter Zuckerverbrauch (körperliche Anstrengung), Alkoholkonsum, Diabetes;LF-V-Bewusstsein;Kommentar S. 38
Welche Symptome hat eine Unterzuckerung?;Schocksymptome (schneller Puls, blasse/kaltschweißige Haut, Zittern, Frieren), Unruhe, Schwäche, Heißhunger, Bewusstseinstrübung, Krämpfe;LF-V-Bewusstsein;Kommentar S. 38
Wie wird eine Unterzuckerung versorgt?;PAKET, bei erhaltenem Bewusstsein: süße Getränke oder Traubenzucker, ggf. Blutzuckermessung, bei Bewusstlosigkeit: wie alle Bewusstlosen;LF-V-Bewusstsein;Kommentar S. 38
Wie wird eine Blutzuckermessung durchgeführt?;Material: Messgerät, Lanzette, Teststreifen, Kompresse, Desinfektionsmittel, Wundschnellverband, seitliche Fingerkuppen oder Ohrläppchen;LF-V-Bewusstsein;Kommentar S. 38
Welche Schritte gehören zur Blutzuckermessung?;Einstichstelle ggf. reinigen, ersten Bluttropfen verwerfen, nicht auspressen, mit Teststreifen aufnehmen, Messergebnis abwarten, mit Zeit dokumentieren;LF-V-Bewusstsein;Kommentar S. 38
Was ist eine Unterkühlung?;Körper gibt mehr Wärme an die Umgebung ab als er durch Nährstoffabbau gewinnen kann;LF-V-Bewusstsein;Kommentar S. 38
Wie erkennt man eine Unterkühlung?;Situation (Witterung, kühler Raum), Aussage "mir ist kalt", kühle blasse Haut, Frösteln/Zittern in Frühphase, später Schläfrigkeit, abgesenkte AF/Puls;LF-V-Bewusstsein;Kommentar S. 38
Wie wird eine Unterkühlung versorgt?;Betroffenen ins Warme bringen, feuchte Kleidung ersetzen, im Frühstadium warme gezuckerte Getränke und Bewegung, im fortgeschrittenen Verlauf so wenig wie möglich bewegen;LF-V-Bewusstsein;Kommentar S. 39
Was ist ein Hitzschlag?;Akut lebensbedrohliche Situation mit Versagen der Wärmeregulation und extremer Überwärmung des Körpers;LF-V-Bewusstsein;Kommentar S. 39
Welche Maßnahmen gelten beim Hitzschlag?;Liegen mit erhöhtem Oberkörper, Kopf in Neutralposition, Bekleidung öffnen, mildes Kühlen (feuchte Umschläge/Wadenwickel), PAKET, ggf. stabile Seitenlage;LF-V-Bewusstsein;Kommentar S. 39
Was ist ein Sonnenstich?;Schädigung durch intensive Sonneneinstrahlung auf ungeschützten Kopf, kann auch bei kühlen Temperaturen auftreten;LF-V-Bewusstsein;Kommentar S. 39
Welche Erkennungszeichen hat ein Sonnenstich?;Roter heißer Kopf, Kopf-/Nackenschmerzen, Nackensteifigkeit, Schwindel, Übelkeit, Erbrechen, Bewusstseinsstörungen;LF-V-Bewusstsein;Kommentar S. 39
Welche Maßnahmen gelten beim Sonnenstich?;In den Schatten bringen, wie bei allen Problemen im Kopf, mildes Kühlen mit feucht-kalten Tüchern, PAKET;LF-V-Bewusstsein;Kommentar S. 39
Welche Aufnahmewege für Gifte gibt es?;Verdauungswege (oral), Atemwege (inhalatorisch), Haut/Schleimhäute (perkutan), direkt ins Blut (intravenös);LF-V-Bewusstsein;Kommentar S. 39
Welche Erkennungszeichen einer Vergiftung gibt es?;Giftige Substanzen, Injektionsbesteck, Gase/Rauch, Terrarium, Essensreste, Einstichstellen, Übelkeit, Erbrechen, Krämpfe, Vitalstörungen;LF-V-Bewusstsein;Kommentar S. 40
Welche Maßnahmen gelten bei Vergiftungen?;Eigenschutz, ggf. Rettung durch Fachpersonal, PAKET, Schockbekämpfung, KEIN Erbrechen auslösen, Giftreste asservieren;LF-V-Bewusstsein;Kommentar S. 40
Welche Giftinformationszentralen-Nummer gilt?;In Deutschland meist (0)Vorwahl 19240, im Telefonbuch unter "Giftnotruf";LF-V-Bewusstsein;Kommentar S. 40
Wie wird eine Vergiftung über die Atemwege versorgt?;Retten aus Gefahrenbereich unter Eigenschutz, Frischluft, ggf. Beatmung;LF-V-Bewusstsein;Kommentar S. 40
Welche Aufgaben hat die Bauchspeicheldrüse?;Verdauungsfunktion (Abgabe von Bauchspeichel ins Duodenum), Regulation des Blutzuckers;LF-VI-Schmerzen;Kommentar S. 42
Welche Aufgaben hat die Leber?;Wesentliches Stoffwechselorgan, liegt im rechten Oberbauch, bedeckt vom rechten Rippenbogen;LF-VI-Schmerzen;Kommentar S. 42
Welche Aufgaben hat die Milz?;Teil des Immunsystems, liegt im linken Oberbauch unter dem Rippenbogen;LF-VI-Schmerzen;Kommentar S. 42
Welche Aufgabe hat die Gallenblase?;Speicherung der von der Leber kommenden Galle, Abgabe ins Duodenum zur Fettverdauung;LF-VI-Schmerzen;Kommentar S. 42
Was ist ein akutes Abdomen?;Sammelbegriff für alle Schmerzen und Störungen im Bauchraum, die umgehendes Eingreifen erfordern;LF-VI-Schmerzen;Kommentar S. 43
Welche Ursachen kann ein akutes Abdomen haben?;Infektionen, Magen-/Darmgeschwüre, Darmverschluss, Steineinklemmungen, Entzündungen (Appendizitis), gynäkologische Ursachen, Bauchtraumata, Herzinfarkt;LF-VI-Schmerzen;Kommentar S. 43
Wie erkennt man ein akutes Abdomen?;Gekrümmte Schonhaltung, plötzliche heftige Bauchschmerzen, Übelkeit/Erbrechen/Durchfall, bekannte Baucherkrankungen, Blut im Urin/Stuhl, Schockzeichen, brettharte Bauchdecke;LF-VI-Schmerzen;Kommentar S. 43
Welche Maßnahmen gelten bei akutem Abdomen?;PAKET, Lagerung nach Wunsch (meist bauchdeckenentlastend mit Knierolle), offene Wunden keimarm und druckfrei abdecken, Fremdkörper in Wunde belassen, Ess-/Trink-/Rauchverbot;LF-VI-Schmerzen;Kommentar S. 43
Was kennzeichnet einen kolikartigen Schmerz?;An- und abschwellender Schmerz mit kurzen Zwischenpausen, z.B. bei Nieren-/Gallensteinen, Durchfallerkrankungen;LF-VI-Schmerzen;Kommentar S. 44
Was kennzeichnet einen Entzündungsschmerz?;Immer stärker werdender Schmerz, z.B. bei Blasenentzündung, Wurmfortsatzentzündung;LF-VI-Schmerzen;Kommentar S. 44
Was kennzeichnet einen Rupturschmerz?;Immer stärker werdender Schmerz, der plötzlich abbricht und nach einiger Zeit wieder ansteigt, z.B. bei Wurmfortsatz-Durchbruch;LF-VI-Schmerzen;Kommentar S. 44
Was kennzeichnet einen pochenden Schmerz?;Pochender Schmerz, z.B. bei Verrenkungen, Verstauchungen, Quetschungen, Eiteransammlung;LF-VI-Schmerzen;Kommentar S. 44
Was kennzeichnet einen brennenden Schmerz?;Brennender Schmerz, z.B. bei Organentzündung, Durchblutungsstörung, Infektion;LF-VI-Schmerzen;Kommentar S. 44
Wie wird die Schmerzintensität ermittelt?;Schmerzskala: 0 = keine Schmerzen, 10 = schlimmster vorstellbarer Schmerz;LF-VI-Schmerzen;Kommentar S. 44
Welche Maßnahmen gibt es je nach Schmerzart?;Kühlen bei Verrenkung/kleinflächiger Verbrennung, warme Umschläge bei Koliken, Entlastungslagerung bei akutem Abdomen, erhöhter Oberkörper bei Brustkorb-Schmerzen, Ruhigstellung;LF-VI-Schmerzen;Kommentar S. 44
Welche Besonderheiten haben kindliche Bauchorgane?;Leber ist relativ groß und ragt über rechten Rippenbogen hinaus, Milz ist relativ groß im linken Mittelbauch, dadurch verletzungsanfälliger;LF-VI-Schmerzen;Kommentar S. 42
Welche Maßnahmen gelten bei mehreren Verletzten?;Eigenschutz, Überblick über Anzahl verschaffen, gezielter Notruf, situationsabhängiges Vorgehen, sich nicht überschätzen, Weisungen von Führungskräften befolgen;LF-VII-Sondersituationen;Kommentar S. 46
Welche auslösenden Faktoren für Gewalt im Einsatz gibt es?;Angst, Stress, Überlastung, Alkohol/Drogen, Gruppendynamik, Provokation, Wahrnehmungs-/Kommunikationsstörung, Konflikte, Anspruchsdenken, häusliche Gewalt;LF-VII-Sondersituationen;Kommentar S. 46
Welche Deeskalationsstrategien gibt es?;Ruhiges und besonnenes Auftreten, nicht provozieren lassen, kein Rechthaben um jeden Preis, frühzeitig Hilfe anfordern, Talk down, Stop, Rückzug;LF-VII-Sondersituationen;Kommentar S. 46
Welche Symptome hat ein Stresssyndrom nach belastenden Einsätzen?;Lethargie, Antriebslosigkeit, sozialer Rückzug, somatische Störungen, Schlafstörungen, Flashbacks, Vermeidungshaltung, Substanzmissbrauch;LF-VII-Sondersituationen;Kommentar S. 46
Welche Einsatznachsorge-Möglichkeiten gibt es?;Einsatznachsorgeteams deutschlandweit, telefonische Anforderung über 24h-Meldezentrale, kostenfrei für Johanniter, Tel: 0800 2699701;LF-VII-Sondersituationen;Kommentar S. 46
Welche Reihenfolge gilt beim stabilisierenden Eingreifen bei Gewalt?;Eigenschutz, Lagebeurteilung, Deeskalation, Rückzug wenn nötig;LF-VII-Sondersituationen;Kommentar S. 46
Was ist eine geschlossene Fraktur?;Knochenbruch ohne durchgehende Hautverletzung;LF-IV-Verletzt;Kommentar S. 32
Was ist eine offene Fraktur?;Knochenbruch mit durchgehender Hautverletzung (Knochen kommuniziert mit Außenwelt);LF-IV-Verletzt;Kommentar S. 32
Welche Schädel-Hirn-Verletzungen werden unterschieden?;Primär (Gehirnerschütterung, -prellung, -quetschung) und sekundär (Hirnödem, Blutung, Infektionen);LF-IV-Verletzt;Kommentar S. 33
Welche Bereiche der HWS-Immobilisation gibt es?;Stifneck (Halskrause), Vakuummatratze, manuelle Stabilisierung;LF-IV-Verletzt;Standard
Was ist das Verhältnis bei HLW mit Kindern (2 Helfer)?;15:2 (15 Kompressionen, 2 Beatmungen);LF-III-Herz-Kreislauf;Kommentar S. 50
Wie tief sind die Kompressionen bei Kindern?;1/3 des Brustkorb-Durchmessers (ca. 4–5 cm);LF-III-Herz-Kreislauf;Kommentar S. 50
Wie viele Initialbeatmungen bei Kindern-HLW?;5 Initialbeatmungen vor Beginn der Kompressionen;LF-III-Herz-Kreislauf;Kommentar S. 50
Welche Maßnahmen gibt es bei Aspirations-Verdacht bei Kindern?;5 Schläge zwischen Schulterblättern + 5 Brustkorbkompressionen (KEINE Oberbauchkompressionen);LF-III-Herz-Kreislauf;Kommentar S. 52
Welche Besonderheit gilt für Medikamente bei Kindern?;Dosis gewichtsbasiert (mg/kg), niemals Standard-Erwachsenendosis;LF-IV-Verletzt;Standard
Was sind die 4 Pfeiler der Johanniter-Pädagogik?;Kooperationskultur, Teilnehmerorientierung, Lernfeld-/Handlungsorientierung, Praxisorientierung;LF-Pädagogik;Pädagogische Handreichung S. 6
Welches Verhältnis hat Theorie zu Praxis in der JUH-EH-Ausbildung?;1/3 Theorie, 2/3 Praxis;LF-Pädagogik;Pädagogische Handreichung S. 7
Was ist CRM (Crew Resource Management)?;Kommunikations- und Teamkonzept aus der Luftfahrt, übertragen auf Notfallmedizin;LF-CRM;Pädagogische Handreichung
Was sind die 5 CRM-Prinzipien?;Situational Awareness, Closed-Loop, Speak-Up, Team-Leader-Rolle, 10-für-10 / Time-Outs;LF-CRM;Pädagogische Handreichung
Was bedeutet 10-für-10 / Time-Out?;Mini-Debriefing im Lauf eines Einsatzes: alle 2 Min Wechsel, kurze Reflexion;LF-CRM;Standard
Was ist AAR (After Action Review)?;Strukturierte Nachbesprechung nach Einsatz: Was lief gut? Was nicht? Was ändern wir?;LF-CRM;Standard
Was ist Closed-Loop-Kommunikation?;Empfänger wiederholt die Anordnung, Sender bestätigt → Missverständnisse werden vermieden;LF-CRM;Pädagogische Handreichung
Was bedeutet Speak-Up-Kultur?;Jeder darf Bedenken äußern, egal welche Hierarchie oder Erfahrungsstufe;LF-CRM;Pädagogische Handreichung
Wer übernimmt die Team-Leader-Rolle?;Eine Person koordiniert und verteilt Aufgaben, andere führen aus;LF-CRM;Pädagogische Handreichung
Was bedeutet MANV?;Massenanfall von Verletzten – Lage, in der Standardressourcen nicht ausreichen;LF-VII-Sondersituationen;Kommentar S. 46
Ab wie vielen Verletzten spricht man von MANV?;Ab ca. 5–10 Verletzten (je nach Definition), Schwelle ist Verhältnis Patient:Helfer;LF-VII-Sondersituationen;Standard
Welche Farben haben die mSTaRT-Triage-Kategorien?;Rot (Sofort), Gelb (Dringend), Grün (Nicht dringend), Blau (Hoffnungslos), Schwarz (Tot);LF-VII-Sondersituationen;Standard
Welche Aufgabe haben LNA und OrgL im MANV?;LNA = Leitender Notarzt (medizinische Führung), OrgL = Organisatorischer Leiter Rettungsdienst (Logistik);LF-VII-Sondersituationen;Standard
Wann wird eine Beckenschlinge angelegt?;Bei Verdacht auf Beckenfraktur zur Reduktion des Blutverlust-Risikos;LF-IV-Verletzt;Standard
Welche Maßnahmen sind "Wie bei allen Problemen in der Brust"?;Lagerung sitzend mit aktivierter Atemhilfsmuskulatur, beengende Kleidung öffnen, Frischluft, Atemanweisungen, PAKET, Sauerstoffgabe;LF-II-Atmung;Kommentar S. 13
Welche Maßnahmen sind "Wie bei allen Problemen im Kopf"?;Liegend mit erhöhtem Oberkörper, Kopf in Neutralposition, nicht unterpolstern, PAKET;LF-V-Bewusstsein;Kommentar S. 39
Welche Maßnahmen sind "Wie bei allen Problemen im Bauch"?;PAKET, Lagerung nach Wunsch des Betroffenen, meist bauchdeckenentlastende Lagerung, offene Wunden keimarm und druckfrei abdecken, Ess-/Trinkverbot;LF-VI-Schmerzen;Kommentar S. 43
Welche Maßnahmen sind "Wie bei allen Bewusstlosen"?;Atemkontrolle, bei normaler Atmung stabile Seitenlage, PAKET;LF-V-Bewusstsein;Kommentar S. 36
Welche Maßnahmen sind "Wie bei allen Verletzungen"?;Hinsetzen/hinlegen lassen, bedrohliche Blutungen erkennen und stillen, Ruhigstellung, endgültige Lagerung, Wundversorgung, parallel PAKET;LF-IV-Verletzt;Kommentar S. 25
Welche generellen Grundsätze gelten für den Sanitätsdienst?;Eigenschutz geht vor, sichere Beurteilung der Lage, gezielte Maßnahmen, PAKET als Handlungsgrundgerüst, Dokumentation, Übergabe;LF-I-Basiskompetenzen;Kommentar S. 8
Wie wird die "4-S-Regel" der psychischen Ersten Hilfe umgesetzt?;Sagen, dass man da ist (Sicherheit), Schützen vor Zuschauern, Schirmen ab gegen Kälte, Sorgen für Ruhe;LF-I-Basiskompetenzen;Kommentar S. 10
Welche Regeln für Umgang mit alten Menschen gelten?;Grammatikalisch korrekte Sprache, medizinische Fachbegriffe minimieren, nicht duzen, nicht mit Oma/Opa anreden, Behinderungen berücksichtigen;LF-I-Basiskompetenzen;Kommentar S. 11
Welche Regeln für Umgang mit Kindern gelten?;Auf Augenhöbe begeben, altersgerecht ansprechen, nicht lügen, Bezugspersonen einbinden, ruhige Atmosphäre, vertrauten Gegenstand an die Hand geben;LF-I-Basiskompetenzen;Kommentar S. 11
Welche Regeln für Umgang mit Behinderten gelten?;Kein falsches Mitleid, Erwachsene mit Sie ansprechen, keine Behinderung ignorieren, gleichwertig behandeln, besondere Hilfe anbieten, nicht aufdrängen;LF-I-Basiskompetenzen;Kommentar S. 11
Welche Regeln für Umgang mit Ausländern gelten?;Bei Verständigungsschwierigkeiten Angehörige um Hilfe bitten, Sitten/Gebräuche respektieren, langsam und deutlich sprechen;LF-I-Basiskompetenzen;Kommentar S. 11
Welche interkulturellen Aspekte sind im Einsatz wichtig?;Helfende handeln in fremdem kulturellem Umfeld, kulturell verschiedene Gruppen, (sozio)kulturelle Unterschiede;LF-I-Basiskompetenzen;Kommentar S. 11
Welche Komplikationen kann die Schocklage bei SHT verursachen?;Erhöhter Hirndruck durch venösen Rückfluss;LF-IV-Verletzt;Kommentar S. 33
Wann darf keine Schocklage angewendet werden?;Bei Schädel-Hirn-Trauma, Wirbelsäulenverletzung, Becken- oder Beinfrakturen;LF-III-Herz-Kreislauf;Kommentar S. 21
Wann wird die stabile Seitenlage angewendet?;Bei Bewusstlosigkeit mit vorhandener normaler Atmung;LF-V-Bewusstsein;Kommentar S. 36
Wann wird die Schocklage angewendet?;Bei Schockzeichen (blass, kaltschweißig, schneller Puls) und KEIN SHT, keine Beinfraktur;LF-III-Herz-Kreislauf;Kommentar S. 21
Wann wird die Oberkörperhochlagerung angewendet?;Bei Atemnot oder Brustschmerzen (z.B. Herzinfarkt, Asthma);LF-II-Atmung;Kommentar S. 13
Wann wird die bauchdeckenentlastende Lagerung angewendet?;Bei akutem Abdomen – Patient nimmt die Lage meist selbst ein (Embryonalhaltung, Knierolle);LF-VI-Schmerzen;Kommentar S. 43
Welche Inhalte gehören zur strukturierten Traumaversorgung (ABCDE)?;A=Atemwege frei? B=Atemstörung? C=Kreislaufstörung? D=Neurologische Einschränkungen? E=Begleitumstände?;LF-I-Basiskompetenzen;Kommentar S. 48
Welche Probleme können bei ABCDE-Priorität A auftreten?;Verlegte Atemwege (Fremdkörper, Zurückfallen der Zunge), Gefahr späterer Verlegung (Erbrechen);LF-I-Basiskompetenzen;Kommentar S. 48
Welche Maßnahmen gibt es bei ABCDE-Priorität A?;Fremdkörperbeseitigung, lebensrettender Handgriff, stabile Seitenlage, ständige Kontrolle der Atemwege, Absaugbereitschaft;LF-I-Basiskompetenzen;Kommentar S. 48
Welche Maßnahmen gibt es bei ABCDE-Priorität B?;Atemwege sichern, Beatmung (Maske-Beutel/Larynx-Tubus), Notarzt nachfordern, Sauerstoffgabe, ständige Kontrolle der Atmung;LF-I-Basiskompetenzen;Kommentar S. 48
Welche Maßnahmen gibt es bei ABCDE-Priorität C?;Herz-Lungen-Wiederbelebung, Notarzt nachfordern, Beruhigen des Patienten, Schocklage (wenn indiziert);LF-I-Basiskompetenzen;Kommentar S. 48
Welche Maßnahmen gibt es bei ABCDE-Priorität D?;Abpolsterung und Fixierung der gelähmten Extremitäten, Notarzt-Nachforderung, bei Bewusstseinsstörung Seitenlage, ggf. Zucker verabreichen;LF-I-Basiskompetenzen;Kommentar S. 48
Welche Maßnahmen gibt es bei ABCDE-Priorität E?;Überblick verschaffen, Patienten ggf. entkleiden, Bodycheck, Wärmeerhalt, Gift sichern, Notarzt nachfordern;LF-I-Basiskompetenzen;Kommentar S. 48
Wann muss der Notarzt zwingend gerufen werden?;Bei Lebensgefahr oder kritischen Vitalparametern (Atemstörung, Kreislaufstillstand, Schock, Bewusstlosigkeit, schwerer Brustschmerz, Krampfanfall > 5 Min, schwere Blutung, MANV);LF-I-Basiskompetenzen;Kommentar S. 47
Was bedeutet "Behandle nie einen Wert, sondern immer den Menschen"?;Normwerte sind Richtschnur mit Spielraum, klinisches Bild ist entscheidend, nicht der einzelne Messwert;LF-I-Basiskompetenzen;Kommentar S. 47
Welche Bedeutung hat die Lernfeld-/Handlungsfeldstruktur?;Verbindet übergreifend, strukturgebend, Handlungsfeld ist kleinste pädagogische Einheit, Lernfeld übergreifend;LF-Pädagogik;Pädagogische Handreichung S. 5
Was bedeutet Handlungsorientierung in der JUH-Pädagogik?;Lernen am konkreten Fall, Theorie-Praxis-Verknüpfung, 3 Wiederholungen pro Maßnahme;LF-Pädagogik;Pädagogische Handreichung S. 6
Was bedeutet Teilnehmerorientierung in der JUH-Pädagogik?;Bedarfsanalyse am Anfang, Lerntempo und -tiefe nach TN;LF-Pädagogik;Pädagogische Handreichung S. 5
Welche Fortbildungs-Routine gilt für SanH?;Alle 2 Jahre Aufbauschulung (8 UE), bei größeren Pausen Einzelschulungen, Fortbildungsordnung 2016;LF-I-Basiskompetenzen;Fortbildungsverordnung S. 6
